name,RAJ2000,DECJ2000
Sigma Draconis,293.089958,69.661177
EK Cet,47.5644675,5.9087419
Wolf 359,164.12027,7.014658
GJ 699,269.452075,4.693391